Frequency, Left Avg, Test 1, Test 2, Test 3, Test 4, Test 5, Target Response
9.857, 101.33361020408161, 106.22230079608876, 106.01714852573393, 107.14047973658974, 92.45929500276931, 94.82882695922633, 95
10, 101.48741020408161, 106.34070079608877, 106.14614852573392, 107.26407973658975, 92.68669500276935, 94.99942695922631, 95
10.145, 101.68665020408162, 106.4939007960888, 106.3143485257339, 107.42247973658975, 92.97829500276931, 95.22422695922633, 95
10.293, 101.92321020408161, 106.67790079608876, 106.51734852573391, 107.60787973658974, 93.31789500276933, 95.49502695922634, 95
10.443, 102.1703702040816, 106.87010079608878, 106.7313485257339, 107.79627973658974, 93.6678950027693, 95.78622695922634, 95
10.595, 102.42065020408162, 107.0695007960888, 106.95194852573393, 107.98267973658973, 94.00949500276933, 96.08962695922635, 95
10.749, 102.65881020408162, 107.2645007960888, 107.1669485257339, 108.15467973658976, 94.31809500276934, 96.38982695922631, 95
10.905, 102.88501020408162, 107.4565007960888, 107.37534852573391, 108.31347973658974, 94.59389500276934, 96.6858269592263, 95
11.064, 103.09913020408162, 107.64550079608877, 107.57574852573391, 108.45967973658973, 94.83769500276931, 96.97702695922636, 95
11.225, 103.29897020408161, 107.8281007960888, 107.7643485257339, 108.59127973658975, 95.0514950027693, 97.25962695922631, 95
11.388, 103.48489020408162, 108.00210079608878, 107.93874852573391, 108.70867973658973, 95.24189500276931, 97.53302695922635, 95
11.554, 103.65813020408159, 108.16470079608878, 108.09894852573389, 108.81267973658971, 95.41769500276929, 97.79662695922629, 95
11.722, 103.81845020408161, 108.3125007960888, 108.2413485257339, 108.90247973658974, 95.58769500276931, 98.04822695922634, 95
11.892, 103.96777020408163, 108.44290079608881, 108.36634852573393, 108.97867973658977, 95.76329500276934, 98.28762695922633, 95
12.065, 104.10617020408162, 108.5521007960888, 108.4727485257339, 109.04107973658974, 95.95089500276931, 98.51402695922634, 95
12.241, 104.23629020408161, 108.64050079608877, 108.56134852573392, 109.09167973658971, 96.15849500276933, 98.72942695922633, 95
12.419, 104.3588902040816, 108.70710079608877, 108.6337485257339, 109.13107973658974, 96.3870950027693, 98.93542695922635, 95
12.599, 104.47489020408163, 108.75310079608882, 108.69154852573392, 109.16147973658973, 96.63469500276933, 99.13362695922633, 95
12.782, 104.58577020408158, 108.78190079608875, 108.73774852573392, 109.1856797365897, 96.8956950027693, 99.3278269592263, 95
12.968, 104.68981020408164, 108.79450079608883, 108.77234852573393, 109.20307973658974, 97.16009500276932, 99.51902695922634, 95
13.157, 104.78969020408161, 108.79730079608875, 108.8003485257339, 109.21667973658974, 97.42189500276932, 99.71222695922633, 95
13.348, 104.88493020408161, 108.79330079608879, 108.82214852573388, 109.22727973658972, 97.67389500276933, 99.90802695922635, 95
13.543, 104.9773302040816, 108.78770079608877, 108.84094852573388, 109.23547973658971, 97.91309500276931, 100.10942695922633, 95
13.74, 105.06641020408162, 108.78210079608881, 108.85634852573394, 109.24007973658975, 98.13769500276932, 100.31582695922636, 95
13.939, 105.1533702040816, 108.77870079608876, 108.86834852573388, 109.24047973658973, 98.35169500276932, 100.52762695922634, 95
14.142, 105.23805020408163, 108.77710079608882, 108.8759485257339, 109.23587973658975, 98.55909500276933, 100.74222695922636, 95
14.348, 105.31933020408162, 108.7747007960888, 108.8775485257339, 109.22247973658973, 98.76509500276934, 100.95682695922632, 95
14.557, 105.39785020408162, 108.77010079608876, 108.8723485257339, 109.20127973658974, 98.97549500276934, 101.17002695922635, 95
14.768, 105.47221020408162, 108.75970079608881, 108.85834852573389, 109.17027973658973, 99.19329500276935, 101.37942695922631, 95
14.983, 105.54173020408162, 108.74070079608875, 108.8355485257339, 109.13007973658974, 99.4180950027693, 101.58422695922634, 95
15.201, 105.60493020408163, 108.7115007960888, 108.80354852573389, 109.08087973658975, 99.6456950027693, 101.78302695922635, 95
15.422, 105.66005020408161, 108.67010079608879, 108.7621485257339, 109.02307973658971, 99.86889500276932, 101.97602695922633, 95
15.646, 105.70841020408162, 108.6189007960888, 108.71374852573389, 108.96027973658973, 100.0824950027693, 102.16662695922635, 95
15.874, 105.74865020408163, 108.55790079608882, 108.65794852573389, 108.89247973658975, 100.28029500276934, 102.35462695922634, 95
16.105, 105.78249020408161, 108.49010079608878, 108.59634852573389, 108.82147973658972, 100.46269500276931, 102.54182695922636, 95
16.339, 105.81185020408164, 108.41770079608882, 108.52934852573391, 108.74887973658976, 100.63389500276931, 102.72942695922633, 95
16.577, 105.83901020408162, 108.34130079608879, 108.45834852573391, 108.67607973658973, 100.80209500276932, 102.91722695922631, 95
16.818, 105.8660502040816, 108.26250079608879, 108.3825485257339, 108.6016797365897, 100.97789500276936, 103.10562695922631, 95
17.063, 105.89453020408162, 108.18030079608879, 108.30174852573388, 108.52747973658974, 101.16909500276934, 103.29402695922631, 95
17.311, 105.9248502040816, 108.09390079608876, 108.2165485257339, 108.45167973658972, 101.3800950027693, 103.48202695922636, 95
17.563, 105.9560502040816, 108.00190079608878, 108.12614852573391, 108.37447973658972, 101.60889500276933, 103.66882695922631, 95
17.818, 105.98637020408162, 107.90470079608879, 108.03094852573393, 108.29387973658974, 101.8478950027693, 103.85442695922633, 95
18.077, 106.01285020408162, 107.80190079608879, 107.9307485257339, 108.20867973658973, 102.08509500276934, 104.03782695922634, 95
18.34, 106.03349020408162, 107.69550079608878, 107.82574852573394, 108.11747973658971, 102.31089500276933, 104.21782695922634, 95
18.607, 106.0470102040816, 107.58750079608878, 107.71614852573389, 108.01907973658975, 102.51809500276933, 104.39422695922634, 95
18.877, 106.0530902040816, 107.48010079608879, 107.60234852573392, 107.91267973658974, 102.70589500276931, 104.56442695922631, 95
19.152, 106.05361020408164, 107.37550079608879, 107.48614852573392, 107.79767973658976, 102.88069500276931, 104.72802695922634, 95
19.431, 106.05061020408161, 107.27450079608879, 107.36834852573394, 107.67587973658972, 103.05069500276933, 104.88362695922633, 95
19.713, 106.04641020408162, 107.17750079608881, 107.25074852573393, 107.54827973658975, 103.2242950027693, 105.03122695922634, 95
20, 106.04229020408161, 107.08070079608878, 107.13534852573393, 107.41747973658973, 103.40629500276931, 105.17162695922634, 95
20.291, 106.03885020408161, 106.98230079608878, 107.02254852573391, 107.28687973658974, 103.59589500276927, 105.3066269592263, 94.999
20.586, 106.03277020408161, 106.87510079608877, 106.91114852573388, 107.15687973658974, 103.7860950027693, 105.43462695922632, 94.995
20.885, 106.02309020408161, 106.75510079608881, 106.80074852573392, 107.02927973658976, 103.97269500276929, 105.55762695922633, 94.99
21.189, 106.00829020408165, 106.61990079608881, 106.68974852573393, 106.90427973658976, 104.15209500276933, 105.67542695922634, 94.98
21.497, 105.9857702040816, 106.4673007960888, 106.57434852573392, 106.77927973658974, 104.3246950027693, 105.78322695922633, 94.97
21.81, 105.95965020408161, 106.30590079608882, 106.45554852573392, 106.65567973658972, 104.49809500276936, 105.88302695922633, 94.96
22.127, 105.93025020408163, 106.14190079608878, 106.33214852573391, 106.53027973658976, 104.67609500276936, 105.97082695922632, 94.95
22.449, 105.90061020408162, 105.98650079608878, 106.2053485257339, 106.40347973658972, 104.86029500276932, 106.04742695922631, 94.94
22.776, 105.87085020408162, 105.84590079608881, 106.07614852573388, 106.2750797365897, 105.04529500276931, 106.11182695922633, 94.93
23.107, 105.84165020408163, 105.72450079608882, 105.94674852573394, 106.14767973658977, 105.22109500276935, 106.16822695922633, 94.92
23.443, 105.80857020408162, 105.6165007960888, 105.8169485257339, 106.02067973658974, 105.37289500276931, 106.2158269592263, 94.91
23.784, 105.7705302040816, 105.51590079608876, 105.6891485257339, 105.89647973658974, 105.4940950027693, 106.25702695922631, 94.9
24.13, 105.72509020408162, 105.41390079608881, 105.5635485257339, 105.77527973658975, 105.58269500276931, 106.29002695922635, 94.899
24.481, 105.6738102040816, 105.30630079608879, 105.44114852573391, 105.65687973658974, 105.6498950027693, 106.3148269592263, 94.898
24.837, 105.61905020408162, 105.19290079608876, 105.32214852573392, 105.54147973658974, 105.71009500276935, 106.32862695922631, 94.897
25.198, 105.56605020408165, 105.07930079608883, 105.20794852573391, 105.43027973658977, 105.78009500276931, 106.33262695922633, 94.896
25.565, 105.5154902040816, 104.96930079608879, 105.09654852573394, 105.32207973658973, 105.86489500276932, 106.3246269592263, 94.895
25.937, 105.46941020408163, 104.8673007960888, 104.98854852573392, 105.21807973658976, 105.9642950027693, 106.3088269592263, 94.894
26.314, 105.4277302040816, 104.77490079608877, 104.88554852573391, 105.12107973658975, 106.06909500276929, 106.28802695922631, 94.893
26.697, 105.38749020408162, 104.69050079608878, 104.78754852573392, 105.02947973658972, 106.16649500276931, 106.26342695922632, 94.892
27.085, 105.34821020408162, 104.6127007960888, 104.69674852573394, 104.94567973658977, 106.24809500276933, 106.23782695922631, 94.891
27.479, 105.30909020408163, 104.54130079608878, 104.61414852573391, 104.86787973658976, 106.31109500276933, 106.21102695922634, 94.887
27.879, 105.26929020408161, 104.47430079608883, 104.5383485257339, 104.79467973658974, 106.35769500276929, 106.18142695922633, 94.882
28.284, 105.23121020408162, 104.41470079608878, 104.4717485257339, 104.72647973658975, 106.39329500276934, 106.1498269592263, 94.875
28.696, 105.19341020408163, 104.3605007960888, 104.41214852573391, 104.66067973658973, 106.41909500276934, 106.11462695922633, 94.868
29.113, 105.15809020408165, 104.31370079608882, 104.36054852573392, 104.59907973658974, 106.43829500276934, 106.07882695922632, 94.86
29.537, 105.1246502040816, 104.27230079608879, 104.3161485257339, 104.5422797365897, 106.44929500276933, 106.04322695922633, 94.849
29.966, 105.09341020408162, 104.23650079608878, 104.2775485257339, 104.49207973658976, 106.4520950027693, 106.00882695922634, 94.834
30.402, 105.06657020408161, 104.20750079608881, 104.2455485257339, 104.45227973658974, 106.44989500276931, 105.9776269592263, 94.816
30.844, 105.04421020408162, 104.18530079608882, 104.2195485257339, 104.42127973658975, 106.44549500276935, 105.94942695922632, 94.795
31.293, 105.02769020408161, 104.17110079608877, 104.20034852573393, 104.40067973658974, 106.4416950027693, 105.92462695922633, 94.774
31.748, 105.01773020408162, 104.16550079608879, 104.1889485257339, 104.39007973658974, 106.4404950027693, 105.90362695922633, 94.752
32.21, 105.01545020408162, 104.16870079608879, 104.18574852573391, 104.39067973658976, 106.44209500276929, 105.8900269592263, 94.728
32.678, 105.01777020408163, 104.1767007960888, 104.18834852573391, 104.39947973658974, 106.44229500276933, 105.88202695922632, 94.705
33.154, 105.02673020408164, 104.19190079608882, 104.19994852573393, 104.41807973658976, 106.44169500276934, 105.88202695922632, 94.682
33.636, 105.04081020408162, 104.21230079608881, 104.21934852573389, 104.44387973658971, 106.43929500276931, 105.88922695922633, 94.658
34.125, 105.06165020408162, 104.24090079608881, 104.2475485257339, 104.47747973658973, 106.43929500276933, 105.90302695922635, 94.63
34.621, 105.0901302040816, 104.27710079608879, 104.28394852573392, 104.51947973658973, 106.4460950027693, 105.92402695922634, 94.595
35.125, 105.1257302040816, 104.32050079608878, 104.3271485257339, 104.56687973658974, 106.4622950027693, 105.95182695922632, 94.553
35.636, 105.1700102040816, 104.37230079608884, 104.3789485257339, 104.62007973658976, 106.49049500276931, 105.9882269592263, 94.509
36.154, 105.2218102040816, 104.43090079608884, 104.43874852573389, 104.67747973658975, 106.52929500276927, 106.0326269592263, 94.47
36.68, 105.28061020408163, 104.49690079608882, 104.50494852573394, 104.74047973658978, 106.5758950027693, 106.08482695922635, 94.437
37.214, 105.34529020408164, 104.56890079608883, 104.5759485257339, 104.80927973658973, 106.62749500276931, 106.14482695922635, 94.413
37.755, 105.41401020408162, 104.64450079608879, 104.65054852573392, 104.88367973658974, 106.68089500276933, 106.21042695922633, 94.404
38.304, 105.48661020408163, 104.72390079608883, 104.73034852573389, 104.96327973658975, 106.7358950027693, 106.27962695922633, 94.397
38.861, 105.56297020408161, 104.80850079608878, 104.81534852573394, 105.04767973658973, 106.7930950027693, 106.3502269592263, 94.392
39.427, 105.64165020408161, 104.8965007960888, 104.9023485257339, 105.13647973658972, 106.85249500276929, 106.4204269592263, 94.392
40, 105.7224102040816, 104.9879007960888, 104.98994852573391, 105.22907973658972, 106.91509500276929, 106.49002695922631, 94.393
40.582, 105.80353020408161, 105.08050079608878, 105.07794852573389, 105.32207973658973, 106.97829500276933, 106.55882695922631, 94.397
41.172, 105.88453020408163, 105.17330079608882, 105.1663485257339, 105.41567973658974, 107.04049500276932, 106.62682695922632, 94.403
41.771, 105.9648902040816, 105.26670079608878, 105.25474852573392, 105.5108797365897, 107.09989500276929, 106.69222695922632, 94.41
42.379, 106.04353020408162, 105.3585007960888, 105.34174852573389, 105.60687973658975, 107.1556950027693, 106.7548269592263, 94.414
42.995, 106.12025020408161, 105.44850079608882, 105.42674852573391, 105.7026797365897, 107.20849500276934, 106.81482695922632, 94.418
43.62, 106.19281020408161, 105.53370079608881, 105.50894852573391, 105.79427973658973, 107.25749500276932, 106.86962695922632, 94.416
44.255, 106.26117020408162, 105.61490079608878, 105.58914852573393, 105.88107973658977, 107.30369500276932, 106.91702695922636, 94.404
44.898, 106.32517020408162, 105.69210079608882, 105.66514852573391, 105.96307973658972, 107.34769500276934, 106.95782695922631, 94.384
45.552, 106.38441020408163, 105.76550079608879, 105.73514852573393, 106.03967973658973, 107.38889500276932, 106.9928269592263, 94.361
46.214, 106.43685020408161, 105.83110079608878, 105.79774852573394, 106.10907973658973, 107.42449500276933, 107.02182695922633, 94.336
46.886, 106.48149020408161, 105.88730079608882, 105.85274852573389, 106.16987973658976, 107.45289500276931, 107.04462695922632, 94.307
47.568, 106.5180102040816, 105.93430079608882, 105.89934852573387, 106.22247973658972, 107.4740950027693, 107.05982695922631, 94.277
48.26, 106.54629020408163, 105.9737007960888, 105.93634852573392, 106.26627973658977, 107.48729500276933, 107.06782695922637, 94.25
48.962, 106.56661020408164, 106.00530079608882, 105.96474852573391, 106.30187973658977, 107.49249500276932, 107.06862695922632, 94.223
49.674, 106.5758502040816, 106.02510079608878, 105.98254852573392, 106.32507973658973, 107.48689500276929, 107.05962695922629, 94.196
50.397, 106.57625020408162, 106.03510079608883, 105.9923485257339, 106.33907973658974, 107.47309500276928, 107.04162695922632, 94.172
51.13, 106.56713020408161, 106.03610079608882, 105.99254852573392, 106.34327973658972, 107.44989500276932, 107.01382695922632, 94.146
51.874, 106.54861020408161, 106.02770079608878, 105.9821485257339, 106.33827973658974, 107.4178950027693, 106.97702695922631, 94.12
52.628, 106.52169020408162, 106.00970079608882, 105.96294852573394, 106.3244797365897, 107.37749500276934, 106.93382695922628, 94.092
53.394, 106.48501020408162, 105.98110079608881, 105.93434852573392, 106.30007973658977, 107.3274950027693, 106.88202695922632, 94.062
54.17, 106.44093020408161, 105.94410079608882, 105.89874852573392, 106.26747973658975, 107.26929500276928, 106.82502695922629, 94.025
54.958, 106.38949020408162, 105.89990079608879, 105.85554852573392, 106.22687973658972, 107.20289500276931, 106.76222695922633, 93.98
55.758, 106.33125020408161, 105.84950079608879, 105.80574852573389, 106.17827973658973, 107.1280950027693, 106.69462695922633, 93.931
56.569, 106.26649020408163, 105.79150079608883, 105.75114852573392, 106.12227973658972, 107.04569500276932, 106.62182695922633, 93.879
57.391, 106.19577020408163, 105.7271007960888, 105.69054852573394, 106.05967973658973, 106.95629500276932, 106.54522695922635, 93.832
58.226, 106.12017020408163, 105.65830079608884, 105.62454852573393, 105.99127973658975, 106.8618950027693, 106.46482695922631, 93.79
59.073, 106.03833020408163, 105.58330079608879, 105.55234852573392, 105.91627973658976, 106.76129500276932, 106.37842695922632, 93.752
59.932, 105.95273020408163, 105.50390079608883, 105.4765485257339, 105.83667973658973, 106.65709500276932, 106.28942695922632, 93.718
60.804, 105.86309020408162, 105.4197007960888, 105.39574852573391, 105.75327973658973, 106.54949500276932, 106.19722695922631, 93.684
61.688, 105.77093020408161, 105.33230079608877, 105.3115485257339, 105.66787973658974, 106.4402950027693, 106.10262695922633, 93.649
62.586, 105.6752902040816, 105.2411007960888, 105.22354852573392, 105.57807973658973, 106.32889500276929, 106.0048269592263, 93.615
63.496, 105.57885020408162, 105.14890079608877, 105.1345485257339, 105.48647973658974, 106.21849500276933, 105.90582695922633, 93.589
64.42, 105.4819702040816, 105.05650079608881, 105.04414852573393, 105.3940797365897, 106.10889500276932, 105.80622695922631, 93.569
65.357, 105.3858102040816, 104.96390079608878, 104.95394852573392, 105.30267973658971, 106.0012950027693, 105.70722695922632, 93.546
66.307, 105.28901020408162, 104.87090079608882, 104.86194852573388, 105.20927973658974, 105.89489500276935, 105.60802695922632, 93.52
67.272, 105.19497020408161, 104.7809007960888, 104.77274852573392, 105.11807973658973, 105.79249500276931, 105.51062695922631, 93.501
68.25, 105.10125020408161, 104.69210079608881, 104.6839485257339, 105.02667973658974, 105.68969500276931, 105.41382695922628, 93.482
69.243, 105.00985020408162, 104.60530079608881, 104.5969485257339, 104.93787973658971, 105.58949500276933, 105.31962695922635, 93.462
70.25, 104.91941020408163, 104.5189007960888, 104.50974852573391, 104.85107973658974, 105.4904950027693, 105.22682695922633, 93.429
71.272, 104.83181020408162, 104.4351007960888, 104.42594852573392, 104.76667973658972, 105.39389500276933, 105.13742695922632, 93.398
72.309, 104.74729020408161, 104.35430079608876, 104.34634852573389, 104.68447973658972, 105.30009500276931, 105.05122695922633, 93.363
73.36, 104.6647702040816, 104.2761007960888, 104.26794852573389, 104.60447973658972, 105.20809500276934, 104.96722695922634, 93.325
74.427, 104.5844502040816, 104.1995007960888, 104.1917485257339, 104.52727973658973, 105.11789500276929, 104.88582695922629, 93.286
75.51, 104.50741020408164, 104.12590079608881, 104.1193485257339, 104.45307973658976, 105.03149500276933, 104.80722695922628, 93.246
76.608, 104.4336102040816, 104.05590079608879, 104.05034852573391, 104.38167973658975, 104.94809500276932, 104.73202695922632, 93.206
77.723, 104.36197020408163, 103.98870079608878, 103.98414852573393, 104.31127973658974, 104.86689500276935, 104.6588269592263, 93.165
78.853, 104.29317020408162, 103.92470079608877, 103.91894852573391, 104.24487973658974, 104.78889500276934, 104.58842695922631, 93.118
80, 104.22661020408161, 103.86230079608879, 103.8549485257339, 104.18147973658975, 104.71389500276933, 104.52042695922631, 93.064
81.164, 104.1611702040816, 103.80130079608878, 103.79014852573388, 104.11907973658975, 104.64109500276933, 104.45422695922633, 93.008
82.344, 104.0979302040816, 103.74270079608883, 103.72814852573387, 104.05827973658972, 104.57029500276931, 104.39022695922631, 92.95
83.542, 104.03701020408161, 103.68630079608882, 103.66754852573389, 104.00047973658975, 104.50209500276931, 104.32862695922633, 92.892
84.757, 103.97717020408163, 103.6309007960888, 103.60694852573393, 103.94447973658977, 104.43549500276931, 104.2680269592263, 92.832
85.99, 103.9193302040816, 103.57690079608878, 103.54974852573392, 103.89007973658971, 104.37069500276934, 104.2092269592263, 92.765
87.241, 103.86337020408162, 103.5245007960888, 103.4961485257339, 103.83667973658976, 104.3076950027693, 104.15182695922633, 92.686
88.51, 103.8087302040816, 103.47390079608878, 103.4453485257339, 103.78427973658974, 104.24529500276928, 104.09482695922632, 92.588
89.797, 103.75565020408162, 103.42530079608883, 103.39714852573394, 103.73267973658974, 104.18429500276932, 104.0388269592263, 92.49
91.103, 103.70277020408162, 103.37570079608882, 103.34974852573392, 103.68247973658971, 104.12349500276933, 103.98242695922629, 92.388
92.428, 103.65137020408163, 103.32710079608879, 103.30334852573392, 103.63427973658975, 104.06429500276934, 103.92782695922631, 92.289
93.773, 103.59853020408161, 103.2777007960888, 103.25554852573393, 103.58407973658973, 104.00369500276932, 103.87162695922632, 92.188
95.137, 103.54709020408163, 103.22970079608878, 103.20874852573392, 103.53527973658974, 103.94469500276934, 103.81702695922634, 92.089
96.52, 103.4941702040816, 103.18050079608881, 103.15994852573388, 103.48627973658972, 103.88409500276933, 103.76002695922631, 91.991
97.924, 103.44205020408162, 103.13150079608882, 103.11114852573387, 103.43867973658975, 103.82469500276933, 103.70422695922635, 91.892
99.349, 103.38857020408163, 103.08150079608882, 103.0611485257339, 103.38947973658975, 103.76349500276936, 103.64722695922632, 91.806
100.794, 103.33585020408161, 103.03290079608878, 103.01254852573389, 103.34087973658974, 103.70289500276932, 103.59002695922631, 91.733
102.26, 103.2834102040816, 102.98510079608882, 102.9633485257339, 103.29287973658974, 103.6428950027693, 103.53282695922631, 91.662
103.747, 103.2287302040816, 102.9349007960888, 102.91154852573389, 103.24267973658972, 103.58109500276929, 103.47342695922633, 91.59
105.256, 103.1715702040816, 102.88170079608878, 102.8575485257339, 103.19027973658973, 103.5166950027693, 103.41162695922631, 91.515
106.787, 103.1130502040816, 102.8279007960888, 102.80174852573388, 103.13627973658977, 103.45109500276932, 103.3482269592263, 91.44
108.34, 103.05165020408162, 102.77110079608882, 102.74434852573391, 103.07907973658975, 103.38189500276933, 103.28182695922634, 91.364
109.916, 102.98765020408162, 102.71290079608877, 102.68414852573392, 103.01907973658976, 103.31009500276929, 103.2120269592263, 91.288
111.515, 102.91981020408161, 102.6503007960888, 102.62074852573392, 102.95527973658974, 103.23409500276932, 103.13862695922631, 91.216
113.137, 102.84777020408163, 102.58330079608879, 102.55314852573395, 102.88787973658972, 103.15329500276931, 103.06122695922633, 91.146
114.783, 102.7716902040816, 102.51290079608877, 102.48154852573391, 102.81607973658971, 103.06849500276932, 102.9794269592263, 91.078
116.452, 102.6910502040816, 102.43770079608878, 102.40574852573393, 102.73927973658972, 102.97969500276928, 102.89282695922633, 91.006
118.146, 102.60561020408161, 102.35790079608877, 102.32474852573391, 102.65867973658972, 102.88589500276932, 102.80082695922631, 90.923
119.865, 102.51369020408163, 102.2719007960888, 102.2365485257339, 102.57167973658974, 102.78589500276934, 102.70242695922633, 90.836
121.608, 102.41721020408161, 102.1819007960888, 102.14374852573391, 102.47987973658974, 102.6810950027693, 102.59942695922632, 90.736
123.377, 102.31485020408164, 102.08670079608882, 102.04434852573391, 102.38207973658973, 102.57129500276935, 102.48982695922632, 90.635
125.171, 102.20625020408161, 101.98430079608879, 101.93974852573392, 102.27827973658974, 102.4546950027693, 102.37422695922633, 90.535
126.992, 102.0896902040816, 101.8727007960888, 101.82874852573389, 102.16667973658971, 102.32969500276931, 102.25062695922634, 90.432
128.839, 101.96589020408163, 101.75250079608884, 101.7111485257339, 102.04827973658976, 102.1972950027693, 102.12022695922633, 90.331
130.713, 101.83425020408163, 101.62370079608883, 101.5859485257339, 101.92267973658974, 102.05669500276935, 101.98222695922632, 90.235
132.615, 101.69461020408161, 101.48610079608882, 101.45334852573392, 101.78907973658973, 101.90789500276931, 101.83662695922631, 90.144
134.543, 101.54781020408163, 101.34210079608879, 101.31294852573392, 101.64787973658976, 101.75169500276932, 101.68442695922634, 90.059
136.5, 101.39209020408161, 101.19010079608877, 101.1633485257339, 101.49747973658977, 101.58649500276933, 101.52302695922636, 89.976
138.486, 101.22953020408161, 101.03230079608879, 101.00634852573391, 101.33947973658972, 101.41469500276928, 101.35482695922632, 89.905
140.5, 101.05881020408161, 100.8667007960888, 100.84074852573391, 101.17327973658973, 101.23529500276933, 101.17802695922632, 89.849
142.544, 100.88009020408161, 100.69210079608882, 100.66674852573391, 100.99907973658972, 101.04889500276931, 100.99362695922633, 89.8
144.617, 100.6926102040816, 100.50830079608879, 100.4845485257339, 100.81527973658974, 100.85429500276932, 100.80062695922628, 89.744
146.721, 100.49773020408163, 100.31670079608884, 100.29474852573392, 100.62347973658973, 100.65289500276933, 100.60082695922631, 89.676
148.855, 100.29409020408161, 100.11630079608881, 100.09594852573389, 100.42247973658974, 100.44289500276932, 100.39282695922634, 89.61
151.02, 100.08189020408162, 99.90710079608881, 99.8877485257339, 100.21287973658973, 100.22469500276931, 100.17702695922635, 89.548
153.217, 99.85993020408162, 99.68790079608878, 99.66894852573391, 99.99407973658974, 99.99669500276933, 99.9520269592263, 89.487
155.445, 99.6298502040816, 99.46070079608877, 99.44234852573389, 99.76727973658974, 99.7604950027693, 99.71842695922636, 89.428
157.706, 99.3919702040816, 99.22570079608877, 99.20814852573389, 99.53307973658974, 99.51609500276933, 99.47682695922632, 89.373
160, 99.1454102040816, 98.98130079608877, 98.96534852573392, 99.29067973658972, 99.26349500276929, 99.22622695922634, 89.322
162.327, 98.89069020408161, 98.72850079608882, 98.71434852573388, 99.0400797365897, 99.0028950027693, 98.96762695922631, 89.273
164.688, 98.6272502040816, 98.46650079608881, 98.45374852573391, 98.78047973658971, 98.73509500276933, 98.70042695922632, 89.224
167.084, 98.35705020408162, 98.1977007960888, 98.18714852573389, 98.51227973658975, 98.46109500276931, 98.42702695922635, 89.18
169.514, 98.07993020408162, 97.92270079608878, 97.9139485257339, 98.23607973658972, 98.18089500276935, 98.14602695922633, 89.14
171.98, 97.79641020408164, 97.6409007960888, 97.63334852573391, 97.95427973658974, 97.89489500276935, 97.85862695922634, 89.104
174.481, 97.50849020408164, 97.35370079608884, 97.34734852573393, 97.66907973658974, 97.6048950027693, 97.56742695922634, 89.067
177.019, 97.21661020408162, 97.0631007960888, 97.0567485257339, 97.37967973658974, 97.31169500276934, 97.2718269592263, 89.028
179.594, 96.92153020408162, 96.76950079608883, 96.76374852573389, 97.08667973658979, 97.01509500276933, 96.97262695922632, 88.997
182.206, 96.6243302040816, 96.47390079608877, 96.46914852573391, 96.79087973658972, 96.71649500276934, 96.67122695922632, 88.972
184.856, 96.3254902040816, 96.1759007960888, 96.1717485257339, 96.49407973658973, 96.4164950027693, 96.36922695922632, 88.949
187.545, 96.0270102040816, 95.8781007960888, 95.8737485257339, 96.19807973658973, 96.11729500276931, 96.06782695922632, 88.92
190.273, 95.73185020408161, 95.58390079608878, 95.57974852573389, 95.90367973658977, 95.8216950027693, 95.7702269592263, 88.89
193.041, 95.4410902040816, 95.29470079608878, 95.2903485257339, 95.61307973658974, 95.53009500276933, 95.47722695922631, 88.863
195.849, 95.1592102040816, 95.0149007960888, 95.01014852573388, 95.33167973658973, 95.2470950027693, 95.19222695922633, 88.836
198.697, 94.88737020408162, 94.74530079608878, 94.73974852573393, 95.06167973658974, 94.97349500276933, 94.91662695922635, 88.815
201.587, 94.6282102040816, 94.48950079608878, 94.48314852573392, 94.80487973658973, 94.7118950027693, 94.65162695922632, 88.796
204.52, 94.38485020408162, 94.25130079608881, 94.2439485257339, 94.56387973658975, 94.4658950027693, 94.39922695922634, 88.779
207.494, 94.15685020408162, 94.02810079608884, 94.0207485257339, 94.33927973658976, 94.2352950027693, 94.16082695922631, 88.771
210.512, 93.9440902040816, 93.8193007960888, 93.81214852573389, 94.13247973658976, 94.0204950027693, 93.93602695922631, 88.762
213.574, 93.74609020408163, 93.62410079608881, 93.61794852573391, 93.94087973658975, 93.82149500276935, 93.72602695922632, 88.753
216.681, 93.56469020408163, 93.44410079608878, 93.43974852573393, 93.76547973658975, 93.64049500276934, 93.53362695922632, 88.754
219.833, 93.39893020408162, 93.27870079608881, 93.2763485257339, 93.60547973658977, 93.47529500276933, 93.35882695922636, 88.762
223.03, 93.24869020408161, 93.1279007960888, 93.12674852573394, 93.46047973658975, 93.32689500276933, 93.20142695922632, 88.771
226.274, 93.11405020408162, 92.99170079608882, 92.9919485257339, 93.33027973658974, 93.19429500276931, 93.06202695922633, 88.79
229.565, 92.99705020408162, 92.87330079608878, 92.8747485257339, 93.21687973658976, 93.07809500276935, 92.94222695922633, 88.813
232.905, 92.89613020408163, 92.77170079608878, 92.77394852573393, 93.11827973658974, 92.97729500276931, 92.83942695922632, 88.838
236.292, 92.81181020408162, 92.68710079608881, 92.69034852573391, 93.03587973658973, 92.89209500276932, 92.75362695922631, 88.869
239.729, 92.7438102040816, 92.6189007960888, 92.6225485257339, 92.97047973658972, 92.82289500276933, 92.68422695922631, 88.906
243.216, 92.69169020408161, 92.56790079608878, 92.57134852573391, 92.92047973658971, 92.76869500276932, 92.6300269592263, 88.941
246.754, 92.65393020408162, 92.53170079608881, 92.53474852573387, 92.88507973658972, 92.72829500276933, 92.58982695922631, 88.967
250.343, 92.63077020408161, 92.51070079608878, 92.51394852573394, 92.86467973658974, 92.70109500276932, 92.56342695922633, 88.988
253.984, 92.62097020408164, 92.50370079608882, 92.50694852573395, 92.85807973658976, 92.6870950027693, 92.54902695922635, 89.004
257.678, 92.62181020408163, 92.50750079608882, 92.51094852573392, 92.86227973658971, 92.6824950027693, 92.54582695922635, 89.013
261.426, 92.63169020408161, 92.52010079608877, 92.52414852573392, 92.8758797365897, 92.68689500276932, 92.55142695922632, 89.02
265.229, 92.64925020408161, 92.5405007960888, 92.54574852573391, 92.89687973658972, 92.6986950027693, 92.56442695922637, 89.029
269.087, 92.67197020408162, 92.5657007960888, 92.57274852573389, 92.92347973658974, 92.71569500276931, 92.58222695922632, 89.046
273.001, 92.69909020408161, 92.59570079608879, 92.60334852573389, 92.95467973658974, 92.7372950027693, 92.6044269592263, 89.071
276.972, 92.7289302040816, 92.62870079608878, 92.63574852573392, 92.98867973658976, 92.7620950027693, 92.62942695922631, 89.096
281, 92.7616902040816, 92.66450079608877, 92.6713485257339, 93.02527973658972, 92.79009500276932, 92.65722695922632, 89.12
285.088, 92.79489020408163, 92.7005007960888, 92.70834852573391, 93.06187973658974, 92.81809500276931, 92.68562695922633, 89.136
289.234, 92.82837020408161, 92.73710079608878, 92.7451485257339, 93.09847973658978, 92.84689500276932, 92.71422695922632, 89.153
293.441, 92.86073020408165, 92.77290079608883, 92.78054852573393, 93.13467973658973, 92.87469500276933, 92.74082695922633, 89.17
297.709, 92.89265020408163, 92.8083007960888, 92.81534852573394, 93.17007973658976, 92.90289500276928, 92.76662695922634, 89.186
302.04, 92.92253020408164, 92.84150079608882, 92.84754852573393, 93.20347973658973, 92.92989500276933, 92.79022695922633, 89.201
306.433, 92.95073020408162, 92.87290079608881, 92.8775485257339, 93.23547973658977, 92.95629500276932, 92.81142695922632, 89.221
310.89, 92.97869020408162, 92.90330079608881, 92.90614852573387, 93.26687973658971, 92.98349500276933, 92.83362695922631, 89.241
315.412, 93.00629020408161, 92.93210079608883, 92.93454852573387, 93.29787973658975, 93.01129500276932, 92.8556269592263, 89.252
320, 93.03389020408162, 92.96070079608879, 92.96334852573389, 93.32807973658976, 93.0390950027693, 92.87822695922631, 89.26
324.655, 93.06233020408162, 92.98890079608883, 92.9939485257339, 93.35887973658974, 93.06709500276928, 92.90282695922632, 89.268
329.377, 93.09037020408161, 93.0165007960888, 93.02394852573393, 93.38987973658972, 93.09369500276934, 92.92782695922632, 89.281
334.168, 93.11949020408161, 93.0455007960888, 93.0557485257339, 93.42227973658972, 93.11989500276935, 92.95402695922634, 89.298
339.028, 93.14845020408161, 93.0753007960888, 93.08794852573392, 93.45507973658972, 93.14449500276929, 92.9794269592263, 89.316
343.959, 93.17721020408162, 93.10510079608882, 93.1207485257339, 93.48867973658973, 93.16729500276931, 93.00422695922633, 89.333
348.962, 93.20569020408162, 93.13670079608879, 93.1533485257339, 93.52287973658976, 93.18789500276931, 93.02762695922631, 89.35
354.038, 93.2330902040816, 93.16810079608878, 93.1865485257339, 93.55707973658973, 93.20649500276933, 93.04722695922631, 89.37
359.188, 93.26330573979592, 93.19675793894595, 93.21850254359106, 93.5892493794469, 93.23392714562647, 93.07809169136917, 89.389
364.412, 93.29858127551019, 93.23069008180306, 93.25528156144821, 93.62779402230402, 93.26690928848359, 93.11223142351201, 89.42
369.713, 93.34119181122449, 93.27149722466024, 93.29863557930534, 93.67516366516116, 93.30872893134077, 93.15193365565491, 89.45
375.09, 93.39212234693875, 93.31877936751738, 93.3491145971625, 93.73325830801829, 93.36022357419785, 93.19923588779773, 89.48
380.546, 93.45342538265305, 93.37431151037454, 93.40928111501962, 93.80240295087548, 93.42430571705502, 93.25682561994061, 89.517
386.081, 93.52753341836734, 93.43916865323168, 93.48027263287678, 93.88572259373261, 93.50408785991216, 93.32841535208347, 89.553
391.697, 93.61610395408164, 93.51471329608881, 93.56361415073394, 93.98376723658973, 93.60223250276931, 93.41619258422634, 89.593
397.394, 93.7204144897959, 93.60065793894596, 93.65758066859105, 94.09863687944689, 93.72285214562645, 93.52234481636917, 89.638
403.175, 93.84280502551016, 93.70161508180306, 93.7643221864482, 94.23089402230403, 93.86830928848357, 93.64888454851203, 89.688
409.039, 93.98423056122446, 93.81807222466026, 93.88276370430535, 94.38002616516115, 94.04239143134075, 93.79789928065489, 89.736
414.989, 94.14673609693875, 93.95382936751737, 94.01423022216248, 94.5483833080183, 94.24643607419792, 93.97080151279773, 89.781
421.025, 94.33210663265307, 94.11353651037454, 94.16089674001962, 94.73401545087545, 94.48108071705506, 94.17100374494062, 89.826
427.149, 94.54203466836734, 94.30196865323168, 94.32346325787677, 94.9387975937326, 94.7458628599122, 94.40008097708346, 89.871
433.362, 94.77596770408162, 94.51887579608884, 94.5021547757339, 95.16045473658976, 95.04102000276932, 94.65733320922631, 89.916
439.665, 95.0308982397959, 94.75852043894595, 94.69153379359106, 95.39799937944689, 95.36511464562649, 94.94132294136917, 89.957
446.06, 95.3003387755102, 95.01661508180308, 94.8848128114482, 95.64579402230405, 95.7114092884836, 95.24306267351204, 89.997
452.548, 95.5101387755102, 95.25161508180307, 95.0528128114482, 95.86379402230403, 95.9454092884836, 95.43706267351203, 90.034
459.131, 95.7033387755102, 95.48361508180312, 95.1998128114482, 96.06879402230405, 96.15940928848363, 95.60506267351204, 90.069
465.809, 95.86453877551018, 95.70161508180307, 95.31281281144821, 96.24279402230401, 96.3334092884836, 95.73206267351203, 90.102
472.584, 95.97733877551019, 95.89361508180308, 95.3758128114482, 96.36979402230402, 96.44440928848358, 95.80306267351203, 90.131
479.458, 96.02573877551019, 96.04861508180309, 95.37581281144818, 96.42879402230403, 96.47140928848361, 95.80406267351205, 90.157
486.432, 95.9955387755102, 96.14861508180307, 95.30181281144819, 96.40479402230405, 96.39840928848359, 95.72406267351202, 90.179
493.507, 95.8773387755102, 96.17961508180309, 95.14381281144819, 96.28679402230404, 96.2184092884836, 95.55806267351204, 90.204
500.686, 95.66933877551018, 96.12961508180308, 94.9018128114482, 96.07279402230401, 95.93640928848362, 95.30606267351203, 90.23
507.968, 95.37793877551019, 95.9956150818031, 94.5818128114482, 95.76979402230404, 95.56540928848361, 94.97706267351205, 90.258
515.357, 95.0185387755102, 95.78461508180311, 94.20181281144818, 95.39179402230403, 95.12540928848364, 94.58906267351205, 90.29
522.853, 94.61093877551019, 95.50961508180309, 93.78481281144822, 94.95679402230404, 94.64040928848364, 94.16306267351202, 90.327
530.458, 94.1769387755102, 95.1866150818031, 93.35681281144821, 94.48779402230403, 94.1344092884836, 93.71906267351204, 90.367
538.174, 93.73753877551017, 94.83461508180308, 92.93281281144819, 94.01279402230402, 93.62940928848361, 93.27806267351203, 90.404
546.002, 93.30873877551018, 94.46961508180307, 92.5298128114482, 93.54979402230403, 93.14140928848362, 92.85306267351201, 90.445
553.943, 92.9015387755102, 94.10661508180307, 92.1568128114482, 93.11079402230403, 92.68140928848364, 92.45206267351203, 90.488
562.001, 92.52433877551019, 93.75461508180307, 91.8178128114482, 92.70579402230403, 92.2634092884836, 92.08006267351202, 90.535
570.175, 92.1869387755102, 93.4216150818031, 91.52281281144819, 92.34679402230402, 91.89640928848364, 91.74706267351205, 90.595
578.469, 91.8969387755102, 93.11861508180311, 91.2828128114482, 92.03779402230404, 91.58540928848362, 91.46006267351203, 90.665
586.883, 91.66133877551019, 92.85461508180309, 91.10481281144818, 91.78679402230405, 91.3354092884836, 91.22506267351203, 90.737
595.419, 91.4837387755102, 92.6406150818031, 90.99381281144821, 91.59579402230403, 91.14440928848359, 91.04406267351203, 90.819
604.08, 91.3637387755102, 92.48161508180311, 90.9458128114482, 91.46379402230403, 91.00840928848362, 90.91906267351203, 90.908
612.866, 91.29573877551017, 92.37661508180307, 90.94881281144819, 91.38779402230404, 90.9214092884836, 90.84406267351201, 90.986
621.78, 91.27153877551021, 92.32161508180309, 90.98881281144821, 91.35879402230401, 90.87540928848364, 90.81306267351204, 91.026
630.824, 91.27953877551018, 92.30861508180308, 91.05381281144818, 91.36279402230403, 90.85740928848364, 90.81506267351202, 91.061
640, 91.30913877551019, 92.32261508180308, 91.1328128114482, 91.38879402230403, 90.86440928848363, 90.83706267351205, 91.118
649.309, 91.35393877551019, 92.35161508180312, 91.22081281144818, 91.43079402230401, 90.88940928848359, 90.87706267351203, 91.175
658.753, 91.4081387755102, 92.38461508180309, 91.31881281144821, 91.48179402230402, 90.92740928848362, 90.92806267351203, 91.233
668.335, 91.4675387755102, 92.4126150818031, 91.4278128114482, 91.53979402230405, 90.97240928848362, 90.98506267351203, 91.278
678.056, 91.52893877551021, 92.43161508180309, 91.5488128114482, 91.59979402230404, 91.02140928848364, 91.04306267351204, 91.316
687.919, 91.5851387755102, 92.43461508180312, 91.6778128114482, 91.65579402230404, 91.0634092884836, 91.09406267351201, 91.349
697.925, 91.62973877551019, 92.42161508180308, 91.80881281144818, 91.69879402230401, 91.08940928848361, 91.13006267351201, 91.373
708.077, 91.65753877551019, 92.39561508180311, 91.93781281144818, 91.72279402230403, 91.0914092884836, 91.14006267351205, 91.382
718.376, 91.66273877551018, 92.35861508180308, 92.05881281144819, 91.71579402230402, 91.06140928848363, 91.11906267351203, 91.38
728.825, 91.6411387755102, 92.31261508180312, 92.1618128114482, 91.67379402230405, 90.9944092884836, 91.06306267351202, 91.364
739.426, 91.5923387755102, 92.25461508180307, 92.2388128114482, 91.59779402230403, 90.89440928848363, 90.97606267351203, 91.34
750.181, 91.51913877551019, 92.17861508180309, 92.28781281144822, 91.49079402230404, 90.7674092884836, 90.87106267351203, 91.313
761.093, 91.42593877551018, 92.07961508180308, 92.30681281144821, 91.36179402230401, 90.62240928848361, 90.75906267351202, 91.286
772.163, 91.3211387755102, 91.96461508180309, 92.3008128114482, 91.22079402230403, 90.47040928848364, 90.64906267351202, 91.26
783.394, 91.21013877551019, 91.84061508180311, 92.27781281144821, 91.07279402230402, 90.3174092884836, 90.54206267351204, 91.231
794.789, 91.0947387755102, 91.7136150818031, 92.2378128114482, 90.92279402230405, 90.16440928848364, 90.43506267351204, 91.197
806.349, 90.9739387755102, 91.58661508180312, 92.18281281144822, 90.76879402230402, 90.0134092884836, 90.31806267351202, 91.155
818.078, 90.8423387755102, 91.45661508180312, 92.1078128114482, 90.60379402230403, 89.8594092884836, 90.18406267351203, 91.1
829.977, 90.69333877551018, 91.30861508180311, 92.01381281144819, 90.42579402230402, 89.69340928848362, 90.02506267351202, 91.033
842.05, 90.53373877551019, 91.13761508180309, 91.9158128114482, 90.25179402230401, 89.51940928848362, 89.84406267351201, 90.96
854.298, 90.38693877551017, 90.97961508180308, 91.82081281144818, 90.10779402230403, 89.35740928848364, 89.66906267351203, 90.883
866.724, 90.2775387755102, 90.86161508180312, 91.7378128114482, 90.01379402230403, 89.23740928848362, 89.53706267351204, 90.803
879.33, 90.2187387755102, 90.80161508180308, 91.6718128114482, 89.97879402230404, 89.1764092884836, 89.46506267351205, 90.722
892.12, 90.21373877551018, 90.8056150818031, 91.62481281144821, 90.00279402230404, 89.1764092884836, 89.45906267351202, 90.647
905.097, 90.24733877551019, 90.8556150818031, 91.58181281144819, 90.07079402230401, 89.2284092884836, 89.50006267351203, 90.577
918.262, 90.28913877551018, 90.91561508180308, 91.51781281144821, 90.15179402230402, 89.30640928848362, 89.55406267351202, 90.509
931.618, 90.3097387755102, 90.94761508180312, 91.4158128114482, 90.20979402230401, 89.3794092884836, 89.59606267351205, 90.444
945.169, 90.2867387755102, 90.9236150818031, 91.27681281144821, 90.22179402230402, 89.41140928848363, 89.60006267351203, 90.393
958.917, 90.21693877551019, 90.8386150818031, 91.1248128114482, 90.19079402230402, 89.3874092884836, 89.54306267351204, 90.356
972.864, 90.1315387755102, 90.7396150818031, 90.9928128114482, 90.14479402230401, 89.32940928848359, 89.45106267351204, 90.341
987.015, 90.05453877551018, 90.6526150818031, 90.90081281144819, 90.10279402230404, 89.2594092884836, 89.35706267351202, 90.341
1001.371, 90.00873877551018, 90.59161508180307, 90.88081281144821, 90.08979402230403, 89.1994092884836, 89.28206267351203, 90.343
1015.937, 90.0165387755102, 90.56361508180312, 90.9598128114482, 90.13379402230403, 89.17040928848361, 89.25506267351203, 90.351
1030.714, 90.08953877551019, 90.57461508180309, 91.1438128114482, 90.24079402230403, 89.1904092884836, 89.29806267351204, 90.37
1045.706, 90.2263387755102, 90.63761508180309, 91.3978128114482, 90.39879402230403, 89.27540928848359, 89.42206267351204, 90.395
1060.916, 90.4091387755102, 90.75661508180309, 91.6758128114482, 90.58379402230403, 89.41240928848362, 89.61706267351204, 90.437
1076.347, 90.6025387755102, 90.9196150818031, 91.92481281144819, 90.75679402230404, 89.5624092884836, 89.84906267351204, 90.502
1092.003, 90.76813877551021, 91.1016150818031, 92.10481281144818, 90.88879402230403, 89.68740928848364, 90.05806267351203, 90.583
1107.887, 90.88093877551019, 91.26761508180309, 92.19781281144819, 90.96679402230404, 89.76440928848362, 90.20806267351205, 90.681
1124.001, 90.93253877551017, 91.38861508180307, 92.22181281144819, 90.98879402230403, 89.78240928848359, 90.28106267351203, 90.794
1140.35, 90.95533877551019, 91.47361508180309, 92.2448128114482, 90.98879402230402, 89.76640928848362, 90.30306267351203, 90.916
1156.937, 91.03253877551019, 91.5876150818031, 92.38481281144821, 91.05079402230403, 89.79540928848358, 90.34406267351203, 91.049
1173.765, 91.2623387755102, 91.81961508180312, 92.7498128114482, 91.26279402230405, 89.9704092884836, 90.50906267351205, 91.191
1190.838, 91.6813387755102, 92.20161508180311, 93.36281281144821, 91.66079402230403, 90.32940928848362, 90.85206267351205, 91.373
1208.159, 92.2447387755102, 92.70761508180308, 94.15681281144819, 92.20279402230403, 90.8254092884836, 91.33106267351204, 91.561
1225.732, 92.85153877551019, 93.2496150818031, 94.99881281144822, 92.79979402230403, 91.35740928848362, 91.85206267351204, 91.731
1243.561, 93.37873877551019, 93.70961508180308, 95.73681281144822, 93.33779402230401, 91.80840928848359, 92.30106267351205, 91.904
1261.649, 93.7243387755102, 93.98661508180308, 96.24981281144821, 93.71979402230403, 92.08440928848361, 92.58106267351204, 92.087
1280, 93.8449387755102, 94.04461508180312, 96.48581281144818, 93.90579402230405, 92.14040928848364, 92.64806267351203, 92.279
1298.618, 93.76153877551019, 93.91461508180309, 96.47481281144819, 93.90579402230402, 91.9944092884836, 92.51806267351203, 92.482
1317.507, 93.5521387755102, 93.68361508180307, 96.3118128114482, 93.78079402230405, 91.72240928848363, 92.26206267351203, 92.69
1336.67, 93.3225387755102, 93.45461508180311, 96.11681281144818, 93.62779402230403, 91.43240928848358, 91.98106267351203, 92.881
1356.113, 93.1393387755102, 93.28061508180308, 95.96881281144822, 93.50979402230404, 91.1914092884836, 91.74606267351201, 93.042
1375.838, 93.0209387755102, 93.1736150818031, 95.8938128114482, 93.44279402230403, 91.01940928848363, 91.57506267351202, 93.191
1395.85, 92.9639387755102, 93.12961508180311, 95.88281281144819, 93.42779402230403, 90.91840928848362, 91.46106267351203, 93.347
1416.153, 92.96113877551018, 93.14061508180312, 95.91381281144818, 93.46479402230402, 90.88540928848359, 91.40106267351202, 93.488
1436.751, 93.00113877551021, 93.20061508180311, 95.9628128114482, 93.55179402230405, 90.90740928848362, 91.38306267351203, 93.615
1457.649, 93.0767387755102, 93.30761508180308, 96.0168128114482, 93.69179402230404, 90.97040928848361, 91.39706267351204, 93.718
1478.851, 93.18393877551019, 93.45861508180312, 96.07981281144819, 93.87679402230401, 91.06540928848361, 91.43906267351204, 93.789
1500.362, 93.3207387755102, 93.6466150818031, 96.16181281144819, 94.09679402230404, 91.18440928848364, 91.51406267351203, 93.835
1522.185, 93.49153877551021, 93.86961508180312, 96.2728128114482, 94.34479402230403, 91.3324092884836, 91.63806267351205, 93.866
1544.326, 93.7045387755102, 94.1286150818031, 96.41881281144822, 94.61679402230405, 91.53240928848362, 91.82606267351204, 93.891
1566.789, 93.93213877551018, 94.38661508180309, 96.55581281144822, 94.88279402230401, 91.7854092884836, 92.05006267351203, 93.92
1589.578, 94.11433877551019, 94.5846150818031, 96.60281281144822, 95.09879402230405, 92.0344092884836, 92.25106267351205, 93.955
1612.699, 94.2571387755102, 94.73061508180311, 96.55881281144818, 95.26579402230402, 92.27840928848363, 92.45206267351202, 93.996
1636.156, 94.3641387755102, 94.83261508180308, 96.42881281144818, 95.37879402230402, 92.5224092884836, 92.65806267351203, 94.07300000000001
1659.955, 94.46033877551021, 94.92161508180311, 96.24581281144822, 95.46079402230404, 92.78840928848359, 92.88506267351204, 94.182
1684.099, 94.58193877551018, 95.03761508180307, 96.0698128114482, 95.54379402230404, 93.10240928848359, 93.15606267351203, 94.313
1708.595, 94.76353877551018, 95.21161508180307, 95.9558128114482, 95.65879402230402, 93.49640928848362, 93.49506267351205, 94.449
1733.447, 95.0177387755102, 95.44861508180311, 95.9248128114482, 95.81979402230404, 93.98140928848359, 93.91406267351205, 94.594
1758.661, 95.35273877551019, 95.7516150818031, 95.98781281144818, 96.03679402230404, 94.57140928848361, 94.41606267351204, 94.766
1784.241, 95.7245387755102, 96.05961508180312, 96.08881281144821, 96.27379402230403, 95.23740928848363, 94.96306267351204, 94.962
1810.193, 96.07413877551019, 96.31761508180307, 96.15581281144819, 96.48779402230403, 95.90740928848362, 95.50206267351203, 95.17
1836.523, 96.39933877551019, 96.52461508180309, 96.19081281144818, 96.67479402230401, 96.56540928848361, 96.04106267351202, 95.383
1863.236, 96.7111387755102, 96.70061508180311, 96.20881281144818, 96.83879402230403, 97.2254092884836, 96.58206267351204, 95.593
1890.337, 97.02573877551019, 96.87061508180311, 96.23481281144818, 96.99779402230403, 97.9004092884836, 97.12506267351203, 95.797
1917.833, 97.3505387755102, 97.04861508180312, 96.28781281144819, 97.16679402230403, 98.58740928848363, 97.66206267351203, 95.997
1945.729, 97.6919387755102, 97.24761508180308, 96.38081281144821, 97.35779402230403, 99.28240928848362, 98.19106267351202, 96.199
1974.03, 98.04933877551021, 97.46461508180312, 96.5208128114482, 97.57279402230401, 99.97040928848361, 98.71806267351204, 96.408
2002.743, 98.41373877551021, 97.6886150818031, 96.7058128114482, 97.80179402230405, 100.63140928848361, 99.24106267351203, 96.581
2031.873, 98.77093877551019, 97.91161508180309, 96.9258128114482, 98.02879402230403, 101.23440928848359, 99.75406267351204, 96.722
2061.428, 99.1077387755102, 98.12661508180308, 97.1688128114482, 98.23879402230405, 101.7514092884836, 100.25306267351202, 96.84
2091.412, 99.4123387755102, 98.33361508180309, 97.4098128114482, 98.42379402230404, 102.17340928848358, 100.72106267351205, 96.961
2121.832, 99.6775387755102, 98.52961508180309, 97.6298128114482, 98.57779402230403, 102.50640928848364, 101.14406267351202, 97.099
2152.695, 99.9025387755102, 98.71361508180307, 97.81481281144819, 98.70479402230403, 102.76040928848361, 101.51906267351204, 97.256
2184.006, 100.09253877551019, 98.8876150818031, 97.95581281144818, 98.80979402230402, 102.9534092884836, 101.85606267351203, 97.345
2215.774, 100.25613877551021, 99.05461508180309, 98.0528128114482, 98.90679402230401, 103.10140928848364, 102.16506267351204, 97.43
2248.003, 100.4033387755102, 99.22061508180307, 98.11581281144821, 98.99879402230404, 103.22340928848364, 102.45806267351203, 97.607
2280.701, 100.5433387755102, 99.39361508180308, 98.1568128114482, 99.09179402230403, 103.3284092884836, 102.74606267351201, 97.85
2313.874, 100.68393877551019, 99.5796150818031, 98.19181281144822, 99.18679402230401, 103.4264092884836, 103.03506267351204, 98.109
2347.53, 100.83113877551018, 99.78461508180308, 98.23281281144821, 99.28779402230401, 103.52140928848362, 103.32906267351203, 98.354
2381.676, 100.9851387755102, 100.00561508180311, 98.27981281144821, 99.39879402230403, 103.61640928848362, 103.62506267351205, 98.564
2416.318, 101.14773877551019, 100.2396150818031, 98.32881281144819, 99.52779402230405, 103.7184092884836, 103.92406267351203, 98.735
2451.464, 101.3199387755102, 100.48761508180309, 98.3778128114482, 99.68479402230403, 103.82740928848364, 104.22206267351203, 98.865
2487.122, 101.4957387755102, 100.74561508180312, 98.41781281144819, 99.87079402230401, 103.93540928848358, 104.50906267351203, 98.966
2523.298, 101.66013877551019, 100.99861508180312, 98.4348128114482, 100.08179402230404, 104.0244092884836, 104.76106267351203, 99.036
2560, 101.79713877551018, 101.23361508180308, 98.4168128114482, 100.30479402230402, 104.0774092884836, 104.95306267351204, 99.149
2597.236, 101.89673877551017, 101.43761508180307, 98.3668128114482, 100.52679402230402, 104.08440928848358, 105.06806267351203, 99.3
2635.014, 101.9519387755102, 101.59261508180309, 98.29681281144819, 100.73179402230404, 104.04340928848363, 105.09506267351203, 99.489
2673.341, 101.94733877551019, 101.67561508180312, 98.1978128114482, 100.89179402230401, 103.9414092884836, 105.03006267351203, 99.684
2712.226, 101.88813877551019, 101.7016150818031, 98.06781281144818, 101.00179402230403, 103.77940928848359, 104.89006267351205, 99.856
2751.676, 101.79413877551019, 101.68461508180307, 97.9348128114482, 101.07279402230402, 103.57640928848359, 104.70206267351203, 99.987
2791.7, 101.66293877551018, 101.62361508180308, 97.79381281144819, 101.09179402230401, 103.33140928848363, 104.47406267351204, 100.061
2832.306, 101.48953877551018, 101.52561508180307, 97.6298128114482, 101.05279402230403, 103.03540928848363, 104.20406267351203, 100.07300000000001
2873.503, 101.2659387755102, 101.38961508180311, 97.43181281144818, 100.94379402230403, 102.68340928848362, 103.88106267351203, 100.035
2915.299, 100.98633877551018, 101.2176150818031, 97.1838128114482, 100.76479402230402, 102.2714092884836, 103.49406267351202, 99.961
2957.703, 100.6581387755102, 101.02761508180308, 96.8848128114482, 100.53179402230404, 101.80440928848358, 103.04206267351205, 99.849
3000.724, 100.30233877551021, 100.83761508180314, 96.57181281144821, 100.26479402230405, 101.3014092884836, 102.53606267351205, 99.707
3044.37, 99.92673877551019, 100.64661508180308, 96.26281281144819, 99.96779402230402, 100.76940928848359, 101.98706267351201, 99.56700000000001
3088.652, 99.55313877551019, 100.47461508180312, 95.9818128114482, 99.65779402230403, 100.23040928848361, 101.42106267351205, 99.459
3133.577, 99.2035387755102, 100.3276150818031, 95.76081281144819, 99.35579402230401, 99.70640928848358, 100.86706267351205, 99.388
3179.156, 98.8689387755102, 100.18361508180311, 95.5868128114482, 99.04579402230402, 99.19740928848358, 100.33106267351204, 99.36
3225.398, 98.5283387755102, 100.02361508180309, 95.41681281144821, 98.71879402230402, 98.68040928848359, 99.80206267351204, 99.367
3272.312, 98.1623387755102, 99.83961508180309, 95.20781281144818, 98.36079402230405, 98.13440928848362, 99.26906267351202, 99.397
3319.909, 97.7685387755102, 99.63561508180307, 94.93981281144819, 97.99179402230403, 97.54940928848363, 98.72606267351203, 99.406
3368.198, 97.35953877551019, 99.42661508180308, 94.6238128114482, 97.63779402230404, 96.93540928848361, 98.17406267351205, 99.383
3417.19, 96.96693877551019, 99.2346150818031, 94.30581281144822, 97.33679402230402, 96.3264092884836, 97.63106267351202, 99.343
3466.894, 96.62873877551019, 99.07461508180309, 94.0498128114482, 97.11779402230404, 95.7764092884836, 97.12506267351203, 99.298
3517.321, 96.37373877551019, 98.94961508180309, 93.90281281144821, 96.99579402230403, 95.33540928848363, 96.68506267351204, 99.274
3568.482, 96.2189387755102, 98.85261508180312, 93.88881281144822, 96.96979402230403, 95.04440928848359, 96.33906267351202, 99.284
3620.387, 96.15913877551021, 98.7656150818031, 93.99481281144821, 97.02179402230405, 94.91440928848363, 96.09906267351204, 99.326
3673.046, 96.17113877551019, 98.66661508180312, 94.1828128114482, 97.12379402230403, 94.92540928848359, 95.95706267351204, 99.389
3726.472, 96.2283387755102, 98.53961508180312, 94.4108128114482, 97.24879402230401, 95.04540928848361, 95.89706267351205, 99.447
3780.675, 96.30573877551019, 98.3726150818031, 94.64981281144819, 97.37279402230402, 95.23840928848361, 95.89506267351203, 99.46000000000001
3835.666, 96.3881387755102, 98.16761508180309, 94.88281281144822, 97.48379402230401, 95.47440928848363, 95.93206267351204, 99.408
3891.457, 96.47213877551019, 97.9386150818031, 95.11281281144818, 97.58079402230402, 95.7354092884836, 95.99306267351201, 99.293
3948.06, 96.55813877551019, 97.70261508180309, 95.34681281144819, 97.66479402230402, 96.00640928848364, 96.07006267351204, 99.123
4005.486, 96.6475387755102, 97.4786150818031, 95.58881281144821, 97.73679402230403, 96.2794092884836, 96.15406267351202, 98.907
4063.747, 96.7395387755102, 97.27961508180307, 95.8398128114482, 97.79779402230405, 96.54240928848363, 96.23806267351203, 98.637
4122.855, 96.8261387755102, 97.1066150818031, 96.08681281144821, 97.84179402230403, 96.7804092884836, 96.31506267351203, 98.328
4182.824, 96.89233877551018, 96.95361508180308, 96.30681281144818, 97.85579402230401, 96.97140928848363, 96.37406267351203, 98.035
4243.664, 96.9203387755102, 96.8046150818031, 96.4768128114482, 97.82179402230405, 97.0964092884836, 96.40206267351205, 97.786
4305.39, 96.89573877551018, 96.64461508180308, 96.5788128114482, 97.72679402230402, 97.14140928848362, 96.38706267351203, 97.589
4368.013, 96.81013877551018, 96.46061508180308, 96.60381281144821, 97.56279402230403, 97.1024092884836, 96.32106267351203, 97.446
4431.547, 96.66173877551019, 96.24161508180308, 96.54881281144819, 97.33179402230402, 96.98440928848359, 96.20206267351202, 97.359
4496.006, 96.45553877551019, 95.98661508180311, 96.42481281144819, 97.03579402230403, 96.79840928848358, 96.03206267351203, 97.336
4561.401, 96.20493877551019, 95.70361508180308, 96.2458128114482, 96.69279402230403, 96.56440928848359, 95.81806267351202, 97.376
4627.749, 95.93313877551017, 95.41461508180308, 96.0328128114482, 96.33579402230401, 96.30540928848362, 95.57706267351202, 97.472
4695.061, 95.66973877551018, 95.1506150818031, 95.8138128114482, 95.99579402230401, 96.0524092884836, 95.33606267351203, 97.615
4763.352, 95.4477387755102, 94.9466150818031, 95.6148128114482, 95.71079402230403, 95.83640928848361, 95.13006267351203, 97.786
4832.636, 95.2917387755102, 94.8266150818031, 95.45581281144821, 95.50879402230403, 95.68140928848364, 94.98606267351205, 97.976
4902.929, 95.2081387755102, 94.79561508180312, 95.34881281144821, 95.39379402230402, 95.5904092884836, 94.91206267351204, 98.15
4974.244, 95.19533877551021, 94.8486150818031, 95.29781281144821, 95.35779402230403, 95.5634092884836, 94.90906267351204, 98.30799999999999
5046.596, 95.2441387755102, 94.96961508180307, 95.2988128114482, 95.39279402230402, 95.59040928848363, 94.96906267351203, 98.452
5120, 95.3407387755102, 95.1406150818031, 95.3478128114482, 95.47179402230404, 95.66340928848365, 95.08006267351203, 98.576
5194.472, 95.4811387755102, 95.34861508180312, 95.44981281144821, 95.59579402230402, 95.77740928848361, 95.23406267351201, 98.667
5270.027, 95.6669387755102, 95.59161508180311, 95.6088128114482, 95.76579402230404, 95.93540928848363, 95.43306267351203, 98.713
5346.682, 95.89713877551019, 95.86461508180311, 95.82081281144819, 95.98279402230405, 96.14240928848359, 95.67506267351202, 98.721
5424.451, 96.16093877551017, 96.1566150818031, 96.0688128114482, 96.23779402230403, 96.38840928848359, 95.95306267351205, 98.705
5503.352, 96.4443387755102, 96.4536150818031, 96.3308128114482, 96.51879402230404, 96.66240928848362, 96.25606267351202, 98.682
5583.4, 96.72213877551022, 96.7286150818031, 96.5768128114482, 96.80079402230405, 96.94240928848362, 96.56206267351203, 98.645
5664.612, 96.96953877551019, 96.95961508180308, 96.7808128114482, 97.05479402230402, 97.20340928848363, 96.84906267351205, 98.56
5747.006, 97.1725387755102, 97.13561508180311, 96.9258128114482, 97.26179402230403, 97.43140928848362, 97.10806267351205, 98.403
5830.598, 97.3287387755102, 97.26061508180311, 97.0098128114482, 97.41279402230404, 97.62340928848363, 97.33706267351204, 98.16499999999999
5915.406, 97.44913877551019, 97.34561508180309, 97.04881281144822, 97.51479402230402, 97.78740928848362, 97.54906267351203, 97.848
6001.447, 97.55073877551021, 97.4096150818031, 97.06981281144822, 97.58079402230403, 97.93540928848363, 97.75806267351201, 97.453
6088.74, 97.6517387755102, 97.4706150818031, 97.09881281144818, 97.62679402230403, 98.08340928848362, 97.97906267351205, 96.995
6177.303, 97.7625387755102, 97.53861508180307, 97.1528128114482, 97.66479402230405, 98.24140928848362, 98.21506267351202, 96.49
6267.154, 97.90193877551019, 97.63161508180308, 97.25881281144818, 97.72079402230402, 98.42240928848359, 98.47606267351203, 95.994
6358.312, 98.08393877551018, 97.76261508180309, 97.4388128114482, 97.81379402230402, 98.63840928848359, 98.76606267351204, 95.544
6450.796, 98.3191387755102, 97.94361508180307, 97.70881281144821, 97.95879402230403, 98.89640928848362, 99.08806267351204, 95.164
6544.625, 98.60833877551019, 98.17161508180311, 98.07981281144819, 98.15879402230402, 99.1994092884836, 99.43206267351204, 94.86
6639.819, 98.94133877551019, 98.44161508180309, 98.55581281144822, 98.40279402230405, 99.53140928848359, 99.77506267351202, 94.615
6736.397, 99.3043387755102, 98.74261508180312, 99.1378128114482, 98.67579402230403, 99.87540928848362, 100.09006267351204, 94.422
6834.38, 99.6791387755102, 99.06161508180311, 99.81781281144818, 98.95479402230403, 100.21040928848363, 100.35106267351203, 94.267
6933.788, 100.0445387755102, 99.3806150818031, 100.57481281144821, 99.21679402230403, 100.51040928848361, 100.54006267351205, 94.15
7034.643, 100.3773387755102, 99.67661508180308, 101.3738128114482, 99.44179402230401, 100.75140928848359, 100.64306267351202, 94.07300000000001
7136.964, 100.65773877551018, 99.9316150818031, 102.16681281144821, 99.61579402230402, 100.91740928848361, 100.65706267351203, 94.021
7240.773, 100.8717387755102, 100.12861508180309, 102.89781281144819, 99.73479402230403, 101.00440928848359, 100.59306267351205, 94.001
7346.093, 101.01853877551021, 100.2656150818031, 103.5148128114482, 99.80979402230403, 101.02940928848363, 100.47306267351203, 94.021
7452.944, 101.1097387755102, 100.3476150818031, 103.9848128114482, 99.86179402230403, 101.02240928848363, 100.33206267351204, 94.074
7561.35, 101.16893877551018, 100.39761508180307, 104.29681281144822, 99.92179402230401, 101.02140928848361, 100.20706267351203, 94.142
7671.332, 101.22813877551019, 100.44861508180311, 104.46781281144821, 100.02379402230405, 101.06440928848362, 100.13606267351203, 94.214
7782.914, 101.3297387755102, 100.54461508180309, 104.5428128114482, 100.20879402230402, 101.19340928848361, 100.15906267351203, 94.263
7896.119, 101.5179387755102, 100.73361508180312, 104.58381281144818, 100.51979402230401, 101.44140928848361, 100.31106267351203, 94.283
8010.971, 101.8265387755102, 101.0536150818031, 104.6568128114482, 100.98479402230403, 101.8234092884836, 100.61406267351204, 94.362
8127.493, 102.2745387755102, 101.5286150818031, 104.82081281144819, 101.61679402230403, 102.33840928848362, 101.06806267351205, 94.457
8245.71, 102.85913877551017, 102.15561508180308, 105.12181281144818, 102.40079402230403, 102.9654092884836, 101.65206267351202, 94.511
8365.647, 103.5303387755102, 102.8756150818031, 105.57481281144821, 103.26379402230403, 103.63540928848361, 102.30206267351205, 94.506
8487.328, 104.1719387755102, 103.5446150818031, 106.1398128114482, 104.04979402230404, 104.22940928848362, 102.89606267351203, 94.509
8610.779, 104.6171387755102, 103.95661508180311, 106.7058128114482, 104.54679402230403, 104.6064092884836, 103.27006267351203, 94.474
8736.026, 104.6957387755102, 103.90961508180311, 107.11481281144819, 104.54979402230404, 104.64240928848363, 103.26206267351205, 94.396
8863.094, 104.27873877551019, 103.26361508180312, 107.21081281144819, 103.91079402230403, 104.25640928848364, 102.75206267351203, 94.18299999999999
8992.011, 103.3131387755102, 101.98061508180311, 106.8858128114482, 102.57179402230403, 103.4264092884836, 101.70106267351204, 93.80799999999999
9122.803, 101.83853877551019, 100.15361508180308, 106.10681281144821, 100.57979402230401, 102.18840928848363, 100.16406267351203, 93.379
9255.497, 99.98093877551018, 97.98861508180312, 104.9198128114482, 98.06879402230405, 100.62740928848359, 98.30006267351203, 92.877
9390.121, 97.92813877551018, 95.75861508180307, 103.42281281144821, 95.24279402230403, 98.86340928848361, 96.35306267351203, 92.222
9526.704, 95.89513877551022, 93.7296150818031, 101.73281281144821, 92.39279402230403, 97.03140928848364, 94.58906267351205, 91.439
9665.273, 94.08033877551019, 92.09661508180311, 99.95781281144819, 89.86079402230403, 95.26140928848359, 93.22506267351203, 90.576
9805.858, 92.61753877551021, 90.9546150818031, 98.15681281144819, 87.92079402230405, 93.68040928848362, 92.37506267351202, 89.717
9948.487, 91.5757387755102, 90.31761508180313, 96.36381281144821, 86.73879402230403, 92.4104092884836, 92.04806267351205, 88.939
10093.191, 90.96493877551019, 90.13561508180307, 94.6258128114482, 86.36279402230404, 91.54140928848359, 92.15906267351205, 88.358
10240, 90.7495387755102, 90.32061508180308, 93.0398128114482, 86.69679402230403, 91.1184092884836, 92.57206267351202, 88.044
10388.944, 90.86473877551018, 90.77561508180307, 91.7228128114482, 87.55279402230403, 91.1234092884836, 93.14906267351202, 87.931
10540.055, 91.24513877551018, 91.43161508180307, 90.78181281144819, 88.71979402230403, 91.49940928848363, 93.79306267351203, 88.092
10693.364, 91.84233877551019, 92.25361508180308, 90.2848128114482, 90.02079402230402, 92.16940928848359, 94.48306267351202, 88.46
10848.902, 92.6401387755102, 93.23761508180311, 90.2588128114482, 91.39179402230403, 93.06140928848359, 95.25106267351205, 88.962
11006.703, 93.65713877551019, 94.4046150818031, 90.70181281144819, 92.90379402230401, 94.12440928848359, 96.15106267351204, 89.679
11166.799, 94.89893877551017, 95.76361508180311, 91.58681281144818, 94.62079402230403, 95.3174092884836, 97.20606267351202, 90.673
11329.224, 96.3347387755102, 97.2926150818031, 92.87381281144822, 96.53079402230405, 96.59040928848363, 98.38606267351203, 91.911
11494.011, 97.88153877551017, 98.9306150818031, 94.5038128114482, 98.54979402230401, 97.8304092884836, 99.59306267351204, 93.109
11661.196, 99.4013387755102, 100.55661508180309, 96.3888128114482, 100.50079402230405, 98.87040928848363, 100.69006267351203, 94.131
11830.812, 100.73073877551019, 102.00461508180308, 98.37581281144821, 102.16079402230403, 99.57240928848364, 101.54006267351204, 94.92699999999999
12002.895, 101.7235387755102, 103.10661508180311, 100.24981281144818, 103.34579402230403, 99.87040928848359, 102.04506267351204, 95.44200000000001
12177.481, 102.2895387755102, 103.7356150818031, 101.7888128114482, 103.95079402230402, 99.7964092884836, 102.17606267351204, 95.734
12354.606, 102.41853877551019, 103.8376150818031, 102.8398128114482, 103.96879402230401, 99.4774092884836, 101.96906267351203, 95.737
12534.308, 102.1813387755102, 103.45261508180312, 103.3658128114482, 103.50179402230404, 99.0764092884836, 101.51006267351204, 95.355
12716.624, 101.70133877551021, 102.70261508180312, 103.44081281144821, 102.71079402230404, 98.73240928848361, 100.92006267351204, 94.74
12901.592, 101.12633877551019, 101.76261508180309, 103.21381281144821, 101.77179402230405, 98.54840928848361, 100.33506267351203, 93.95
13089.25, 100.58593877551019, 100.81461508180308, 102.85781281144818, 100.83379402230403, 98.54840928848358, 99.87506267351205, 93.091
13279.637, 100.14493877551017, 99.9786150818031, 102.48881281144818, 99.95979402230404, 98.67940928848358, 99.61806267351201, 92.181
13472.794, 99.78753877551021, 99.2626150818031, 102.1088128114482, 99.10679402230404, 98.87540928848362, 99.58406267351204, 91.201
13668.76, 99.4257387755102, 98.56961508180311, 101.61881281144818, 98.17079402230405, 99.06240928848362, 99.70706267351201, 90.2
13867.577, 98.91993877551019, 97.71361508180307, 100.8938128114482, 97.00579402230404, 99.13940928848363, 99.84706267351201, 89.261
14069.285, 98.1019387755102, 96.46061508180308, 99.83181281144822, 95.43179402230403, 98.9774092884836, 99.80806267351203, 88.511
14273.928, 96.84873877551021, 94.5626150818031, 98.3978128114482, 93.49179402230402, 98.41840928848362, 99.37306267351204, 88.068
14481.547, 95.2557387755102, 92.3186150818031, 96.6878128114482, 91.68479402230403, 97.26240928848364, 98.32506267351204, 88.045
14692.186, 93.44533877551021, 90.31061508180312, 94.9338128114482, 90.38479402230402, 95.20540928848362, 96.39206267351204, 88.403
14905.889, 91.56573877551018, 88.93861508180308, 93.40481281144818, 89.86279402230403, 92.4214092884836, 93.20106267351204, 89.133
15122.7, 90.1003387755102, 88.5256150818031, 92.31181281144819, 90.22279402230404, 89.63540928848363, 89.80606267351203, 90.117
15342.664, 89.23473877551021, 89.11761508180312, 91.7698128114482, 91.29679402230404, 87.31440928848359, 86.67506267351204, 91.114
15565.829, 89.0237387755102, 90.45461508180308, 91.7988128114482, 92.74579402230403, 85.86440928848363, 84.25506267351203, 92.089
15792.239, 89.39773877551018, 92.14861508180309, 92.33881281144818, 94.25779402230401, 85.35340928848359, 82.89006267351203, 93.086
16021.942, 90.0937387755102, 93.84661508180311, 93.19381281144818, 95.45979402230402, 85.24540928848363, 82.72306267351205, 94.035
16254.987, 90.9017387755102, 95.10761508180312, 94.11881281144818, 96.21979402230403, 85.4334092884836, 83.62906267351204, 94.866
16491.421, 91.8323387755102, 95.99761508180308, 94.9498128114482, 96.79979402230404, 86.04140928848364, 85.37306267351204, 95.54
16731.294, 92.79813877551021, 96.71461508180309, 95.66281281144822, 97.34679402230404, 86.7054092884836, 87.56106267351205, 96.152
16974.657, 93.6935387755102, 97.31461508180311, 96.2668128114482, 97.85279402230401, 87.60540928848363, 89.42806267351202, 96.818
17221.559, 94.62133877551018, 97.76961508180307, 96.7548128114482, 98.25179402230404, 89.04340928848359, 91.28706267351203, 97.266
17472.052, 95.5077387755102, 98.02461508180309, 97.0868128114482, 98.45679402230402, 90.90340928848363, 93.06706267351203, 97.402
17726.189, 96.1929387755102, 98.0296150818031, 97.21681281144821, 98.39779402230404, 92.84340928848358, 94.47706267351204, 96.977
17984.022, 96.56253877551018, 97.77061508180307, 97.13181281144819, 98.08279402230403, 94.54540928848363, 95.28206267351203, 96.436
18245.606, 96.48993877551018, 97.28261508180312, 96.80781281144819, 97.55579402230403, 95.31640928848363, 95.48706267351203, 95.601
18510.994, 96.06493877551017, 96.65661508180307, 96.2468128114482, 96.87979402230403, 95.32140928848361, 95.22006267351202, 94.276
18780.243, 95.40733877551018, 95.9296150818031, 95.5238128114482, 96.12779402230403, 94.8654092884836, 94.59006267351204, 92.197
19053.408, 94.60373877551021, 95.11761508180312, 94.76481281144821, 95.32679402230401, 94.11340928848362, 93.69606267351203, 89.78
19330.546, 93.6635387755102, 94.1846150818031, 94.03981281144821, 94.39079402230404, 93.10740928848362, 92.59506267351203, 86.892
19611.715, 92.52993877551019, 93.03461508180307, 93.28881281144818, 93.17979402230402, 91.83540928848363, 91.31106267351204, 83.226
19896.974, 91.1273387755102, 91.58461508180308, 92.33781281144822, 91.59779402230403, 90.29140928848359, 89.82506267351205, 79.495
20186.382, 89.33973877551018, 89.73161508180307, 90.9528128114482, 89.59079402230402, 88.39540928848363, 88.02806267351203, 79.495
20480, 87.03913877551018, 87.39661508180309, 88.9188128114482, 87.11879402230402, 85.99840928848359, 85.76306267351204, 79.495
20777.888, 84.0733387755102, 84.45261508180307, 86.0538128114482, 84.16079402230405, 82.88640928848362, 82.81306267351205, 79.495
21080.11, 80.82813877551017, 81.30361508180307, 82.72381281144818, 81.05879402230401, 79.4784092884836, 79.57606267351203, 79.495
21386.727, 77.58013877551019, 78.21761508180312, 79.26481281144818, 78.08179402230404, 76.03540928848362, 76.30106267351205, 79.495
21697.804, 74.69193877551018, 75.53461508180307, 76.09981281144822, 75.51179402230404, 72.94840928848363, 73.36506267351201, 79.495
